policy,stress,seed,inventory_cost,backlog_cost,wip_cost,cleaning_cost,total_cost,fill_rate,mean_backlog,mean_wip,cleaning_time,action_reject_rate,target_shortfall_ratio,solve_time_median,solve_time_p95,timeout_count
heuristic,0,20560920,1.7534809944975254,7666.817880708655,510.847021353189,11.864759254699937,8191.283142311042,0.30340052934661993,42.59343267060364,97.30419454346456,19.774598757833225,0.0,,0.0,0.0,0
deterministic_rh,0,20560920,7.410596323932078,7006.7010157505665,102.47889299761754,6.203593781382851,7122.794098853497,0.3051128098407873,38.92611675416981,19.519789142403337,10.339322968971418,0.022222222222222223,0.0664583294447584,2.995038471000953,7.608674137000889,0
scenario_block,0,20560920,3.0211157653183203,7589.39735172212,109.61491525825272,8.664751347120312,7710.698134092812,0.28700562918869027,42.163318620678446,20.879031477762428,14.441252245200523,0.06666666666666667,0.08119455094937911,1.8521334180004487,9.067965921599898,0
scenario_rh,0,20560920,5.457941206326058,7014.6507771138295,96.88968762485273,4.193525382531565,7121.19193132754,0.34854346806397246,38.97028209507683,18.455178595210047,6.989208970885942,0.022222222222222223,0.04059582693121814,5.673677442999178,9.807347843199931,0
heuristic,0,20560921,2.5526306525657105,7961.5980863175955,574.1541740742106,14.696231640312684,8553.001122684684,0.28642885076975605,44.2311004795422,109.36269982365917,24.493719400521144,0.0,,0.0,0.0,0
deterministic_rh,0,20560921,15.447820033465657,6480.418090901388,153.17306592315438,5.3841531112614724,6654.423129969268,0.39585946621198925,36.00232272722993,29.175822080600838,8.973588518769121,0.044444444444444446,0.023218682518827825,4.5246502949994465,9.983181351400162,0
scenario_block,0,20560921,16.484259889899537,6639.041722392347,149.53097766846267,5.752367909198492,6810.809327859908,0.3734118628795349,36.883565124401926,28.48209098446908,9.587279848664153,0.08888888888888889,0.07004749216029654,9.781829592000577,9.818976998599464,0
scenario_rh,0,20560921,9.231647281730968,6809.699856752596,157.86154696334103,6.524122857555324,6983.317173855224,0.38506043265740003,37.83166587084776,30.068866088255437,10.873538095925541,0.044444444444444446,0.03210302247817255,9.787162618998991,9.83350267120004,0
heuristic,0,20560922,1.4666139951731045,7594.418433945019,604.4904020145963,13.52222684508676,8213.897676799876,0.31947472429816354,42.19121352191677,115.1410289551612,22.537044741811265,0.0,,0.0,0.0,0
deterministic_rh,0,20560922,11.419553894793934,6454.408845830947,195.47465209895947,4.143459038034456,6665.446510862735,0.4192714209672745,35.85782692128304,37.23326706646848,6.905765063390759,0.1111111111111111,0.032005233394702536,3.817590595999718,5.648439603899896,0
scenario_block,0,20560922,23.85573286778181,6645.672525311385,197.97486083225672,5.399049145746304,6872.90216815717,0.3988169340903455,36.92040291839658,37.70949730138225,8.998415242910507,0.044444444444444446,0.07022992421875854,9.766436892999991,9.800904256399008,0
scenario_rh,0,20560922,11.42092832487688,6427.66917773147,202.75287100659494,4.0566619911371244,6645.899639054081,0.43670432316153135,35.709273209619276,38.61959447744666,6.761103318561874,0.044444444444444446,0.02936698253292449,9.78941311699964,9.86479163670101,0
heuristic,0,20560923,2.03439776917009,9102.376325936004,549.4226508545152,14.852894559366606,9668.686269119054,0.2581304581572903,50.56875736631113,104.65193349609814,24.754824265611006,0.0,,0.0,0.0,0
deterministic_rh,0,20560923,8.382301686821267,8166.374093072782,98.83225411348072,5.368999785364558,8278.957648658448,0.29667263499267077,45.36874496151545,18.825191259710614,8.948332975607597,0.044444444444444446,0.04497422159953885,3.1590231850004784,4.798750400300195,0
scenario_block,0,20560923,9.350538767900312,8130.748755233574,119.60112826663378,6.176176943807887,8265.876599211917,0.3111667368116936,45.1708264179643,22.781167288882628,10.293628239679812,0.06666666666666667,0.06372672478394496,2.836603271000058,7.428290850801204,0
scenario_rh,0,20560923,7.528068040029851,7941.251049620302,105.99039905463223,4.559306276305244,8059.32882299127,0.34564048086931926,44.11806138677946,20.188647438977572,7.598843793842073,0.0,0.04311543776401229,3.8844864289985708,7.477791206999973,0
heuristic,0,20560924,5.6994513504724225,7802.987958306597,566.5643227407608,14.192037307276236,8389.443769705107,0.303743158042869,43.349933101703314,107.91701385538302,23.65339551212706,0.0,,0.0,0.0,0
deterministic_rh,0,20560924,11.448513795763803,6612.2607890512845,148.62082079605443,4.555991481832771,6776.886115124937,0.39841073229383644,36.734782161396026,28.308727770677034,7.593319136387951,0.022222222222222223,0.038733566941998115,4.64057344899993,7.763896330299755,0
scenario_block,0,20560924,30.006311161761246,6594.820988840737,153.72050875304637,4.229290179410638,6782.777098934956,0.39328819138394167,36.63789438244854,29.28009690534216,7.048816965684398,0.022222222222222223,0.06484291376230511,9.792739311000332,9.823581987599027,0
scenario_rh,0,20560924,17.97124812920606,6355.096861955231,145.95319033415623,2.029275611821641,6521.050576030414,0.42842979127334274,35.30609367752906,27.800607682696427,3.382126019702735,0.0,0.005962126160246507,8.547590596999726,9.834875572399687,0
heuristic,1,20561920,0.5064915551394602,11728.443389694234,655.3647565725004,12.184264645095597,12396.49890246697,0.2580386967829533,65.15801883163464,124.83138220428577,20.307107741825995,0.0,,0.0,0.0,0
deterministic_rh,1,20561920,0.8575549147595449,10659.244026288452,144.83168917649317,7.481269064943175,10812.41453944465,0.2715427677153195,59.218022368269175,27.586988414570126,12.46878177490529,0.044444444444444446,0.08937682429291416,2.7381667160007055,6.643331520300489,0
scenario_block,1,20561920,0.8488049594225293,10124.511979490875,156.255018508878,2.2131492753291893,10283.828952234504,0.3529255943103542,56.247288774949304,29.762860668357725,3.688582125548649,0.022222222222222223,0.0891174867852272,9.809146796998903,9.836346306000632,0
scenario_rh,1,20561920,1.007947148128844,10556.574817812374,146.4213493019274,7.211850196304133,10711.215964458734,0.28843323249978803,58.64763787673541,27.889780819414742,12.019750327173556,0.0,0.055326922105311434,7.863420724999742,9.888887810599773,0
heuristic,1,20561921,1.9982974885732594,9991.089302872642,658.7955284560147,16.152833745390435,10668.035962562619,0.2792351667904641,55.50605168262579,125.48486256305041,26.921389575650725,0.0,,0.0,0.0,0
deterministic_rh,1,20561921,17.6013803541707,8371.65539199262,208.600890911997,5.015097367302734,8602.872760626093,0.351609778128467,46.509196622181214,39.733503030856575,8.358495612171223,0.022222222222222223,0.05156702075661654,2.8515869380007643,8.439212646199302,0
scenario_block,1,20561921,15.62590828869169,8606.003252059072,203.13634400981232,4.1716602409801,8828.937164598554,0.3394490131663337,47.81112917810596,38.69263695424997,6.952767068300167,0.06666666666666667,0.051481121469205436,9.768230224000945,9.804787476599813,0
scenario_rh,1,20561921,18.061335160981198,8276.256838860365,212.8664682453546,3.776494692721191,8510.961136959422,0.36914805098493,45.97920466033536,40.54599395149612,6.294157821201985,0.022222222222222223,0.01701227720645089,9.758171802999641,9.82163822969942,0
heuristic,1,20561922,0.7982222623115081,10447.56532401283,610.4520053064043,15.094196487732953,11073.909748069276,0.23516328540486148,58.04202957784906,116.2765724393151,25.156994146221592,0.0,,0.0,0.0,0
deterministic_rh,1,20561922,4.267687209131916,9904.707759074774,115.98343515805169,10.220250450317076,10035.179131892275,0.21556096877804629,55.02615421708208,22.092082887247944,17.033750750528462,0.022222222222222223,0.12231849100307224,1.5048446649998368,5.128215475899924,0
scenario_block,1,20561922,3.8373538399826117,9110.461828106727,116.98998070993954,3.7850527544349637,9235.074215411083,0.3107603598710544,50.61367682281515,22.28380584951229,6.308421257391606,0.044444444444444446,0.04869340649553404,5.765589713000736,9.515412864400059,0
scenario_rh,1,20561922,4.55463604707813,9700.183079354623,109.40250778070076,4.527681095777451,9818.667904278178,0.2760588572318398,53.889905996414576,20.838572910609674,7.5461351596290855,0.022222222222222223,0.0677023790738359,3.6462653990001854,8.620537452499411,0
heuristic,1,20561923,1.8835519913175762,11221.161808838882,653.6407079182702,13.905959224220178,11890.592027972689,0.25483494016377306,62.33978782688268,124.50299198443243,23.176598707033627,0.0,,0.0,0.0,0
deterministic_rh,1,20561923,6.205692157184982,9804.260292105806,141.58139758491777,8.641019018094672,9960.688400866005,0.28983265077093107,54.468112733921146,26.967885254270055,14.401698363491123,0.022222222222222223,0.06785582315058197,1.2898289659988222,6.180362670399699,0
scenario_block,1,20561923,5.397207848716718,9312.815407470503,173.91509925397193,2.255646557716153,9494.38336113091,0.34733926874673116,51.73786337483613,33.12668557218513,3.7594109295269216,0.022222222222222223,0.21776476336561143,1.6727628299995558,9.139668588000859,1
scenario_rh,1,20561923,7.0018688832235485,9656.192823048346,142.3921556848767,4.119524142330337,9809.706371758775,0.3265159170337386,53.64551568360192,27.12231536854795,6.86587357055056,0.0,0.006394925084633899,4.380696910000552,9.915694195100514,0
heuristic,1,20561924,5.95992277771089,10984.62520250933,698.4272405546437,16.83131597792835,11705.843681819613,0.22960702250871332,61.025695569496285,133.03376010564642,28.05219329654725,0.0,,0.0,0.0,0
deterministic_rh,1,20561924,7.984444790142369,8864.035485421193,210.6352854734188,7.611681019377487,9090.266896704134,0.34644323033298513,49.24464158567329,40.12100675684168,12.68613503229581,0.022222222222222223,0.058571332481708226,2.136823116999949,4.590640495300063,0
scenario_block,1,20561924,7.916191397928914,9136.878754136616,201.6433235601014,3.5795890846701037,9350.017858179315,0.3503135176204397,50.7604375229812,38.40825210668598,5.965981807783506,0.022222222222222223,0.08679027690599857,3.336189481000474,9.79561273759973,0
scenario_rh,1,20561924,7.940771191115461,8784.876157264971,211.69839549178187,2.2983061214356053,9006.813630069304,0.3791582104385778,48.80486754036095,40.32350390319656,3.8305102023926754,0.0,0.05103357016365428,3.3896278650008753,9.830537723599628,0
